site_id,name,short_name,latitude,longitude,source_crs,easting,northing,zone,elevation_m,ers_segment,active,cease_date,basin,site_types,has_target_data
405200,GOULBURN RIVER @ MURCHISON (McPhee's Rest),GOULBURN @ MURCHISON,-36.6170278,145.2195833,World Geodetic System 1984,340786.999,5946120.000,55,116.397,Murray and Western Plains,true,,Goulburn,"RF,SW,WQ",true
405201,GOULBURN RIVER @ TRAWOOL,GOULBURN @ TRAWOOL,-37.0916111,145.2025000,World Geodetic System 1984,340251.000,5893439.000,55,142.884,Central Foothills and Coastal Plains,true,,Goulburn,"SW,WQ",true
405203,GOULBURN RIVER @ EILDON,GOULBURN @ EILDON,-37.2468056,145.8893056,World Geodetic System 1984,401492.001,5877157.000,55,210.682,Central Foothills and Coastal Plains,true,,Goulburn,"SW,WQ",true
405204,GOULBURN RIVER @ SHEPPARTON,GOULBURN SHEPPARTON,-36.3797778,145.3935278,World Geodetic System 1984,355904.002,5972715.000,55,102.327,Murray and Western Plains,true,,Goulburn,"SW,WQ",true
405205,MURRINDINDI RIVER @ MURRINDINDI ABOVE COLWELLS,MURRINDINDI COLWELLS,-37.4136667,145.5640278,World Geodetic System 1984,372925.000,5858254.000,55,308.031,Uplands A,true,,Goulburn,"SW,WQ",true
405209,ACHERON RIVER @ TAGGERTY,ACHERON @ TAGGERTY,-37.3177222,145.7128889,World Geodetic System 1984,385952.999,5869088.999,55,197.822,Uplands A,true,,Goulburn,"RF,SW,WQ",true
405212,SUNDAY CREEK @ TALLAROOK,SUNDAY @ TALLAROOK,-37.0989444,145.0561389,World Geodetic System 1984,327257.999,5892367.999,55,154.535,Central Foothills and Coastal Plains,true,,Goulburn,"RF,SW,WQ",true
405214,DELATITE RIVER @ TONGA BRIDGE,DELATITE @ TONGA,-37.1583056,146.1130833,World Geodetic System 1984,421249.005,5887185.000,55,312.39,Central Foothills and Coastal Plains,true,,Goulburn,"RF,SW,WQ",true
405219,GOULBURN RIVER @ DOHERTYS,GOULBURN @ DOHERTYS,-37.3308889,146.1307500,World Geodetic System 1984,422992.000,5868052.000,55,300.038,Uplands B,true,,Goulburn,"RF,SW,WQ",true
405231,KING PARROT CREEK @ FLOWERDALE,KING PARROT FLOWER'E,-37.3470556,145.2883611,World Geodetic System 1984,348393.999,5865237.999,55,261.243,Uplands A,true,,Goulburn,"RF,SW,WQ",true
405232,GOULBURN RIVER @ McCOYS BRIDGE,GOULBURB R MCCOYS BR,-36.1776944,145.1190556,World Geodetic System 1984,330846.003,5994688.000,55,100.732,Murray and Western Plains,true,,Goulburn,"SW,WQ",true
405234,SEVEN CREEKS @ D/S OF POLLY MCQUINN WEIR,SEVEN C MCQUINN WEIR,-36.8870000,145.6827500,World Geodetic System 1984,382619.999,5916837.999,55,440.768,Central Foothills and Coastal Plains,true,,Goulburn,"RF,SW,WQ",true
405237,SEVEN CREEKS @ EUROA TOWNSHIP,SEVEN CK. @ EUROA,-36.7623611,145.5858333,Geodetic Datum of Australia 1994,373779.725,5930555.927,55,174.124,Central Foothills and Coastal Plains,true,,Goulburn,"SW,WQ",true
405240,SUGARLOAF CREEK @ ASH BRIDGE,SUGARLOAF @ ASH BDG,-37.0596389,145.0550556,World Geodetic System 1984,327071.004,5896729.000,55,143.517,Murray and Western Plains,true,,Goulburn,"RF,SW,WQ",true
405246,CASTLE CREEK @ ARCADIA,CASTLE @ ARCADIA,-36.5908333,145.3511389,World Geodetic System 1984,352500.998,5949237.000,55,121.45,Murray and Western Plains,true,,Goulburn,"RF,SW,WQ",true
405251,BRANKEET CREEK @ ANCONA,BRANKEET CK @ ANCONA,-36.9688333,145.7854444,World Geodetic System 1984,391888.005,5907883.000,55,316.043,Central Foothills and Coastal Plains,true,,Goulburn,"SW,WQ",true
405264,BIG RIVER @ D/S OF FRENCHMAN CREEK JUNCTION,BIG @ FRENCHMAN,-37.5193889,146.0760833,World Geodetic System 1984,418355.997,5847091.000,55,452.006,Uplands A,true,,Goulburn,"SW,WQ",true
405270,GOULBURN RIVER @ ARCADIA DOWNS,GOULBURN @ ARCADIA,-36.4388333,145.3474444,World Geodetic System 1984,351880.998,5966093.000,55,102.836,Murray and Western Plains,false,,Goulburn,"SW,WQ",true
405276,GOULBURN RIVER @ LOCH GARRY,GOULBURN @ GARRY,-36.2414444,145.2869444,World Geodetic System 1984,346071.000,5987898.000,55,106.064,Murray and Western Plains,true,,Goulburn,"SW,WQ",true
405297,WARRIGAL CREEK @ STEWARTS BRIDGE,WARRIGAL C @ STEWART,-36.1044722,144.8588889,Unknown,307266.997,6002328.000,55,94.325,Murray and Western Plains,true,,Goulburn,"SW,WQ",true
405720,RODNEY MAIN DRAIN @ WELLS CREEK,RODNEY MAIN @ WELLS,-36.1863056,145.1410833,World Geodetic System 1984,332844.998,5993771.000,55,101.745,Murray and Western Plains,true,,Goulburn,"RF,SW,WQ",true
405730,TOOLAMBA COMMUNITY DRAIN @ D/S MURCHISON-MOOROOPNA RD,TOOLAMBA COM. DRAIN,-36.5040833,145.3109167,World Geodetic System 1984,348735.003,5958797.001,55,114.931,Murray and Western Plains,true,,Goulburn,"SW,WQ",true
405758,SHEPPARTON DRAIN NO 12 @ U/S GOULBURN VALLEY HIGHWAY,SHEPPARTON DR NO 12,-36.1816944,145.4335556,World Geodetic System 1984,359138.004,5994747.000,55,106.616,Murray and Western Plains,true,,Goulburn,"SW,WQ",true
405779,SHEPPARTON DRAIN NO 11 @ D/S HOLMES ROAD BRIDGE,SHEPPARTON DR 11,-36.1807222,145.3824722,World Geodetic System 1984,354543.997,5994780.000,55,105.623,Murray and Western Plains,true,,Goulburn,"SW,WQ",true
